product_title, product_title_image
Nuevo Axion Poder Alcohol Natural
Nuevo Suavitel TermoDual
Nuevo Fabuloso Limpieza Mágica
Nuevo Suavitel Momentos Mágicos Chanel
Nuevas Toallitas Atrapa Polvo Suavitel
Nuevo Axion Uñas Perfectas
Nuevo Fabuloso MotorClean
Nuevo Axion Adiós al Secado
Nuevo Axion Desintegrador
Nuevo Axion Serums
Nuevo Axion Ultra Poder
Nuevo Fabuloso Colección Flores Exóticas
Nuevo Suavitel Momentos Mágicos Delicatess (Esferas)
Nuevo Tratamiento Intensivo de Axion
Nuevo Fabuloso Fácil Enjuague
Nuevo Suavitel Momentos Mágicos Aromaterapia
Nuevo Axion Jabonadura Perfecta
Nuevas Perlas de Fragancia Downy
Nuevo Axion Tallador
New Axion Perfect Fusion 1
Nuevo Axion Enjuague Rápido
Nuevo Axion Propolis
Nuevo Fabuloso Concentra Pack
Nuevo Filtro Activo de Axion
New Axion Coconut & Vitamin E-1
Nuevo Axion Espuma Inteligente
Nuevo Axion Pepino Hidratante 
Nuevo Suavitel Aroma Fresh
Nuevo Fabuloso Profesional Acti Fresh
Nuevo Axion Bebé
New Axion Crystal Lime 1
New Fabuloso Exotic Fragrances 
New Suavitel Mexican Aromas
Nuevas SuaviCaps Mágicas
Nuevo Suavitel Esponjosa Suavidad
Nuevo Suavitel Nutri Protect
Nuevo Suavitel Vitamina E
Nuevo Axion Aroma Sensaciones
Nuevo Suavitel Fresca Protección
Nuevo Suavitel Intense
Nuevo Suavitel Men
New Axion Coconut & Vitamin E-2
New Suavitel Revitalizing
Nuevo Fabuloso Alcance Total
New Axion Royal Jelly & Vitamin E-2
Nuevo Axion Espuma Instantánea
New Suavitel Sweet Dreams
Nuevo Axion Explosión Cítrica
Nuevo Fabuloso Profesional Baño
Nuevo Fabuloso Ultra
New Axion Anti Scratch
Nuevo Suavitel Momentos Mágicos Delicatess
New Axion Anti Stains
New Axion Crystal Lime 2
New Fabuloso Exotic Fragrances (Experential)
Nuevo Complemento Cuidado Intensivo 3 en 1 de Suavitel 
Nuevo Fabuloso Aroma "Luces Perfumadas"
Nuevo Fabuloso Profesional Acción Dual
New Axion Perfect Fusion 2
Nuevo Axion Ultra Concentrado
Nuevo Fabuloso Aroma "Aceites Escenciales"
Nuevos Complementos Cuidado Intensivo de Suavitel 
New Suavitel 3 in 1
Nuevo Fabuloso Suavidad de Aloe
Nuevo Spray Suavitel Neutrolor
New Suavitel Dark Clothes
New Suavitel Temptations
Nuevo Suvaitel Paraíso Mágico
New Fabuloso Good Bye Dust
Nuevo Fabuloso Profesional Antigrasa
Nuevo Suavitel Mezcla Refrescante
New Fabuloso 48 hours
New Fabuloso Bacteria Hunter
Nueva Línea Axion Sensorial
Nuevas Perlas de Fragancia Suavitel 
Nuevo Suavitel con Hydranatura
New Axion Royal Jelly & Vitamin E-1
Nuevo Axion Tricloro Cuidado de Manos
Nuevo Axion Desengrasante Multi-Superficies
Nuevo Fabuloso Bicarbonato de Sodio
Nuevo Fabuloso Fragancia Intense
Nuevo Suavitel Momentos Mágicos Planchado Fácil
Nuevo Fabuloso Mascota
Nuevo Fabuloso Profesional Triple Activo
Nuevo Suavitel
Nuevo Suavitel Revive Color
New Suavitel Magic Mexico
Nuevo Fabuloso Profesional Aceite de Pino
Nuevo Axion LevantaGrasa
New Fabuloso Ultra Concentrated Tablets
Nuevo Fabuloso Fragancia Revitalizante
Nuevo Axion Poder Intensivo
New Fabuloso Easy Clean Wipes
Nuevo Fabuloso Cápsulas de Cloro
New Fabuloso Complete
Nuevo Axion Emolientes Naturales
Nuevo Fabuloso Aroma Intense
Nuevo Fabuloso Desinfección Continua
Nuevo Fabuloso Escencias de la Naturaleza
New Axion Nonstick Effect
Nuevo Ajax Limpia Paredes
Nuevo Axion Almendras Humectantes
Nuevo Suavitel Aroma Intense (parity with Magic Moments)
Nuevo Suavitel Aromas Naturales
Nuevo Suavitel Complete
New Fabuloso Mexican Aromas
Nueva Línea Fabuloso Lugares Paradisiacos
Nuevo Fabuloso Secado Rápido
Nuevo Axion Tricloro Campos de Yerbabuena
Nuevo Fabuloso Aroma "Ambientes Naturales"
New Suavitel Ecological Bar
Nuevo Axion Fregadero Fresco
Nuevo Fabuloso Aroma "Acentos de Fragancia"
Nuevo Fabuloso Limpio y Brillante
Nuevo Suavitel Aroma Fresh (Odor Lock)
Nuevo Suavitel Aroma Intense
New Fabuloso Natural Essences
Nuevo Axion Anillos de Frescura
Nuevo Fabuloso "Neutra Fresh"
Nuevo Fabuloso con Ajax
Nuevo Fabuloso Cuida tus Manos
Nuevo Suavitel Telas del Hogar
Nuevo Axion Pre-Lavado
Nueva Línea Fabuloso Fusión Perfecta
Nuevo Axion Adios al Remojo
Nuevo Axion con un toque de Palmolive Hydra Natura
Nuevo Axion MaxiEspuma
Nuevo Axion X5
Nuevo Fabuloso Aroma "Ambiente y Telas"
Nuevo Suavitel Manchas Protect
Nueva Línea Fabuloso Limpio y Puro
Nuevo Fabuloso Carrusel de Fragancias
Nuevo Fabuloso Brillo Perfecto
Nuevo Axion Complete
Nuevo Suavitel Aroma Infinito
